اسم المشروع,نوع المنافسة,حالة المشروع,الرقم المرجعي ,اسم المورد,تاريخ أمر الشراء,تاريخ توقيع العقد,مدة العقد
مشروع انشاء مركز التعافي من الكوارث,منافسة عامة,تحت التنفيذ,210239317269,الشركة الوطنية لأنظمه الحاسب الالي,2021-12-30,2022-02-03,12
تحسين النظام الالكتروني للمنازعات الضريبية,منافسة عامة,تحت التنفيذ,210639376087, شركة اجادة للنظم المحدودة,2021-12-13,2022-01-13,12
مشروع نظام الآلي لأتمتة أعمال المراجعة الداخلية,منافسة عامة,تحت التنفيذ,210839399305,شركة برايس وترهاوس كوبرز للاستشارات,2021-11-30,2022-01-17,4
تصميم وتنفيذ تحسينات على نظام ايراد مرحلة 1,منافسة عامة,تحت التنفيذ,210939419662, إنفينيو  لحلول  الأعمال,2021-11-30,2022-01-18,12
توفير خوادم ووحدات تخزين لنظام الفوترة الإلكترونية,منافسة عامة,تحت التنفيذ,210939420266, الوطنية لانظمة الحاسب الالي,2021-11-14,2021-12-07,4
تشغيل مركز الاتصال لهيئة الزكاة والضريبة والجمارك,منافسة عامة,تحت التنفيذ,210939415170, الخليج للتدريب والتعليم,2021-12-21,2022-01-19,12
خدمات الفحص الطبي ما قبل التوظيف,منافسة عامة,تحت التنفيذ,210939426510, شركة طيب السعودية الطبية,2021-12-26,2022-01-19,4
مشروع جائزة الملك عبدالعزيز والنموذج الأوربي للجودة,منافسة عامة,تحت التنفيذ,210939426392, شركة أندرسن السعودية للاستشارات,2022-01-30,2022-03-09,6
تجديد الدعم الفني والرخص لنظام فايزور,منافسة عامة,تحت التنفيذ,210939428176,فايزور ليمتد,2021-11-28,2022-03-09,12
لوحات داخلية وخارجية لمباني الهيئة,منافسة عامة,تحت التنفيذ,211039429655, اديب لصناعه اللوحات الداخليه والخارجية,2022-01-10,2022-02-10,12
مشروع ترقية وتطوير نظام الاتصال الصوتي والمرئي,منافسة عامة,تحت التنفيذ,211039429871, داتا كونسولت السعودية,2022-01-03,2022-01-19,3
"مركز تحكم الدمج, متابعة تحقيق منافع الدمج, متابعة المخاطر, إدارة التغيير, واستراتيجية التواصل",منافسة عامة,تحت التنفيذ,211039429922,فرع شركة ماكينزي اند كومباني انك انترناشيونال,2021-12-30,2022-03-16,12
توفير رخص أنظمة قواعد البيانات,منافسة عامة,تحت التنفيذ,211039430109,شركة المعمر لانظمة المعلومات,2021-12-16,2022-01-12,3
مشروع توريد وتركيب نظام ادارة المزادات,منافسة عامة,تحت التنفيذ,211039430702, شركة شور العالمية للتقنية,2022-01-11,2022-02-10,10
مطبوعات (استكرات) الهوية الداخلية لمباني الهيئة,منافسة عامة,تحت التنفيذ,211039429851, نافذة الافكار للخدمات التجارية,2021-12-13,2022-01-13,12
مشروع تطوير وشراء رخص Remedy,منافسة عامة,تحت التنفيذ,211039431779,سايبرماك لأنظمة المعلومات,2021-11-23,2022-01-05,12
تحسين النماذج وتعزيز القدرات,منافسة عامة,تحت التنفيذ,211039435804, فرع شركة اوليفر وايمان ليمتد,2021-12-13,2022-01-19,4
تأهيل وترميم توسعة مباني الأمانة العامة للجان الضريبية والجمركية بالدمام وجدة,منافسة عامة,تحت التنفيذ,211039436691, مؤسسة مجال للمقاولات العامة,2021-11-14,2021-12-07,1
تطوير اطار عمل المخاطر,منافسة عامة,تحت التنفيذ,211039444977, ديلويت اند توش,2021-12-13,2022-01-12,3
مشروع تطوير وتشغيل مركز مراقبة الأمن السيبراني,منافسة عامة,تحت التنفيذ,211139453497, السعودية للحاسبات SBM,2022-03-10,2022-04-21,36
مشروع شراء رخص لنظام تخطيط الموارد الحكومية (ساب),منافسة عامة,تحت التنفيذ,211139453881,شركة برايس وترهاوس كوبرز للاستشارات,2021-12-19,2021-12-29,3
إعادة تأهيل وتشغيل أنظمة الحريق بمبنى الإدارة العامة لهيئة الزكاة والضريبة والجمارك,منافسة عامة,تحت التنفيذ,211139452807,مؤسسة تلال ألمى لأجهزة السلامة,2022-06-28,2022-08-25,2
تطوير المحادثة الحية للأمانة العامة للجان الضريبية,منافسة عامة,تحت التنفيذ,211139453899, مؤسسة اللبيبة لتقنية نظم المعلومات,2022-04-06,2022-05-29,12
استئجار مركبات للرقابة والتفتيش الميداني,منافسة عامة,تحت التنفيذ,211139456125,شركة ذيب لتأجير السيارات,2022-03-02,2022-04-21,36
تصميم و تنفيذ وعكس هوية الأمانة العامة للجان الزكوية و الضريبية والجمركية,منافسة عامة,تحت التنفيذ,211139457570, شركة الف فكرة للتجارة,2022-01-04,2022-02-13,12
مشروع قراءة المرفقات (OCR) و تحديد إجراءات الفسح باستخدام الذكاء الصناعي,منافسة عامة,تحت التنفيذ,211139459506,شركة أركي للتقنية,2022-03-02,2022-04-07,3
تأهيل وترميم اكاديمية هيئة الزكاة والضريبة والجمارك,منافسة عامة,تحت التنفيذ,211139459562, فرع شركة درع التطوير للتجارة,2022-02-15,2022-03-24,3
مشروع توريد تراخيص CRM – RED HAT – VMWARE – ADOBE,منافسة عامة,تحت التنفيذ,211139460636, ادارة الاعمال المحدودة BMC,2022-01-30,2022-02-23,2
مشروع ترحيل وتطوير نظام الاتصالات الادارية ( مراسلات ),منافسة عامة,تحت التنفيذ,211139459655, السعودية للحاسبات SBM,2022-02-15,2022-03-24,8
مشروع مراجعة مصدر الكود البرمجي,منافسة عامة,تحت التنفيذ,211139462454, شركة أندرسن السعودية للاستشارات,2022-02-10,2022-04-10,14
ترقية وزيادة رخص نظام أرشفة البريد الإلكتروني,منافسة عامة,تحت التنفيذ,211239462862,فرع شركه دايمنشن داتا بي تي واي ليمتد‬‬‬,2022-02-02,2022-03-09,1
توفير دوائر احتياطية لعدد من المواقع التابعة للهيئة,منافسة عامة,تحت التنفيذ,211139462463, شركة اتحاد الاتصالات - موبايلي,2022-02-02,2022-04-21,12
S4HANA الرخص والبنية التحتية,منافسة عامة,تحت التنفيذ,211239463668, العربية لخدمات الانترنت,2022-04-19,2022-05-29,12
مشروع ترحيل وتطوير نظام الارشفة,منافسة عامة,تحت التنفيذ,211239464192, السعودية للحاسبات SBM,2022-03-09,2022-04-21,7
كراسة نظام S4HANA,منافسة عامة,تحت التنفيذ,211239465060, ارنست و يونغ,2022-04-28,2022-07-24,12
ترقية وتطوير وتوسعة نظام مراقبة التطبيقات,منافسة عامة,تحت التنفيذ,211239464902,فرع شركة برق النظم لخدمات التفنية التجارية,2022-03-10,2022-04-10,24
توريد اشتراكات مراجع معلومات وأدوات تحليلية,منافسة عامة,تحت التنفيذ,211239465114, منطق حديث لتقنية المعلومات,2022-02-27,2022-03-24,12
دعم أعمال تشغيل وصيانة ونظافة لأنظمة فحص الحاويات والشاحنات,منافسة عامة,تحت التنفيذ,211239465908, شركة اي جي اند جي الشرق الاوسط,2022-01-23,2022-03-03,1
توريد بطاقات الكترونية قارئة البصمة للتحكم بالدخول والخروج من المبنى,منافسة عامة,تحت التنفيذ,211239467724,شركة المعالم الدوليه للتقنيه المحدودة,2022-02-08,,1
أعمال التشغيل و صيانة ونظافة أفران لحرق المواد السامة و أجهزة تكسير العبوات الزجاجية,منافسة عامة,تحت التنفيذ,211239467313,  مؤسسه مصفوفه الانظمه للمقاولات,2022-04-14,2022-06-15,36
مشروع تجديد إشتراك نظام معاك (افيلو),منافسة عامة,تحت التنفيذ,211239468686,الشركة العربية لخدمات الانترنت والاتصالات,2022-02-28,2022-04-10,24
إقامة معارض ومؤتمرات محلية ودولية,منافسة عامة,تحت التنفيذ,211239469606,وكالة وقت العرض للدعاية والاعلان ,2022-03-10,2022-04-07,12
التسويق الرقمي,منافسة عامة,تحت التنفيذ,211239470345,شركة فيرون المحدودة,2022-02-06,2022-02-28,12
بطاقات الموظفين,منافسة عامة,تحت التنفيذ,211239469989, مؤسسة دخول للتجارة,2022-02-17,2022-03-24,12
خدمات تصوير وتغطيات,منافسة عامة,تحت التنفيذ,211239470916,سيرفسز ليمتد,2022-03-28,2022-04-21,12
أعمال تصاميم,منافسة عامة,تحت التنفيذ,211239470902, وكالة رايات العلامات للدعاية,2022-04-19,2022-06-15,12
توريد وتركيب متطلبات تغطية شبكة لاسلكية في خمسة منافذ جمركية,منافسة عامة,تحت التنفيذ,211239471338, مؤسسة دار دلتا للتقنيه المعلومات,2022-03-17,2022-05-26,15
طباعة نماذج الاعمال في منافذ وفروع الهيئة,منافسة عامة,تحت التنفيذ,211239471160, وكالة وقت العرض للدعاية والاعلان,2022-04-25,2022-06-15,12
زيادة الطاقة الاستيعابية للخوادم,منافسة عامة,تحت التنفيذ,220139476094,  شركة الخليج للأنظمة,2022-04-25,2022-06-23,12
مشروع أنظمة الحوكمة والمخاطر والالتزام,منافسة عامة,تحت التنفيذ,220139476573, شركة أركي للتقنية,2022-03-14,2022-05-18,12
مشروع شراء رخص وتطوير نظام الحضور والانصراف,منافسة عامة,تحت التنفيذ,220139478068, شركة اجادة للنظم المحدودة,2022-04-25,2022-05-29,36
تصميم وتنفيذ تحسينات على نظام ساب المرحلة الثانية,منافسة عامة,تحت التنفيذ,220139478153, شركة عبدالله فؤاد القابضة,2022-03-22,2022-05-19,24
تأمين خدمات الضيافة لهيئة الزكاة والضريبة والجمارك بجميع مناطق المملكة والأمانة العامة للجان الضريبية بالرياض والمنافذ الجمركية,منافسة عامة,تحت التنفيذ,220139485457, شركة انوفا للتجارة,2022-04-12,2022-05-25,12
IT Operations Governance and Quality Management,منافسة عامة,تحت التنفيذ,220239488713,فرع شركه ارنست ويونغ للنظم,2022-07-04,2022-09-14,12
الخدمات المدارة للدعم الفني والدعم التقني الميداني وخدمات المراقبة,منافسة عامة,تحت التنفيذ,220239490095,الشركة العربية لخدمات الانترنت والاتصالات,2022-05-18,2022-06-16,24
مشروع تخزين وثائق وملفات,منافسة عامة,تحت التنفيذ,220239497423,101003 شركه القلعه للمستودعات المحدوده,2022-04-06,2022-06-15,48
تنفيذ حملات تسويقية للأمانة العامة للجان الجمركية,منافسة عامة,تحت التنفيذ,220239497315,شركة هوية العربية التجارية ,2022-04-17,2022-06-15,12
الخدمات المدارة للبنية التحتية والتطبيقات لتقنية المعلومات,منافسة عامة,تحت التنفيذ,211239470755,فرع شركه تاتا كونسلتنسي,2022-06-01,2022-08-03,24
تنفيذ حملات تسويقية,منافسة عامة,تحت التنفيذ,220239497064, وكالة نحو الحوار للدعايه والاعلان,2022-06-15,2022-08-03,8
أنشطة وفعاليات داخلية,منافسة عامة,تحت التنفيذ,220239497624, وكالة نحو الحوار للدعايه والاعلان,2022-04-21,2022-06-15,8
تأمين أجهزة أمنية متنوعة بمنفذ سلوى,منافسة عامة,تحت التنفيذ,220239500808, شركة مجموعة الجرس السعودي,2022-06-06,2022-08-03,36
تقديم خدمات عروض ومزايا للموظفين,منافسة عامة,تحت التنفيذ,220239497606,100319 شركة ثورة العلم,2022-04-06,2022-06-15,12
مشروع تأمين وتشغيل أنظمة متنقلة للفحص بالأشعة السينية بمنفذ سلوى,منافسة عامة,تحت التنفيذ,220239504266,شركة اي جي اند جي الشرق الأوسط,2023-02-27,2023-04-06,36
توفير دوائر الربط لمواقع هيئة الزكاة والضريبة والجمارك,منافسة عامة,تحت التنفيذ,220239504925,الشركة العربية لخدمات الانترنت والاتصالات,2022-06-09,2022-08-11,12
التسويق الرقمي 2,منافسة عامة,تحت التنفيذ,220239504992, شركة امدان للدعاية والاعلان,2022-04-28,2022-06-22,12
مؤتمر هيئة الزكاة والضريبة والجمارك,منافسة عامة,تحت التنفيذ,220239505579,وكالة وقت العرض للدعاية والاعلان ,2022-05-24,2022-06-22,12
تأهيل وترميم مبنى الإدارة العامة في أبراج الضباب وجامعة الاميرة نورة,منافسة عامة,تحت التنفيذ,220239505282, مؤسسة تاج التموين للمقاولات,2022-04-25,2022-06-22,2
مشروع تأمين دائرة اتصال انترنت DIA بالمركز الرئيسي و مركز التعافي من الكوارث لهيئة الزكاة والضريبة والجمارك لمدة عام,منافسة عامة,تحت التنفيذ,220239505758,100032 شركة اتحاد الاتصالات - موبايلي,2022-04-21,2022-07-20,12
مشروع تجديد الدعم لنظام إيراد,منافسة عامة,تحت التنفيذ,220339510375,100018 إنفينيو  لحلول  الأعمال,2022-04-25,2022-06-30,12
حملات توعوية,منافسة عامة,تحت التنفيذ,220339511219,100341 شركة ون للاستثمارات,2022-04-24,2022-06-02,12
مشروع غرف التقاضي الذكية,منافسة عامة,تحت التنفيذ,220339511241,100372 داتا كونسولت السعودية,2022-05-18,2022-06-16,5
مشروع اعمال أنظمة مكافحة وانذار الحريق للمدينة السكنية الجديدة في منفذ حالة عمار,منافسة عامة,تحت التنفيذ,220339513179,101175 مؤسسة الماء الأحمر لأدوات ومواد الس,2022-06-21,2022-08-11,18
تأمين أنظمة فحص اشعاعي بمنفذ الرقعي,منافسة عامة,تحت التنفيذ,220239488822,شركة اي جي اند جي الشرق الاوسط,2022-09-20,2022-11-09,36
مناولة منفذ ( سلوى – الرقعي - الوديعة ),منافسة عامة,تحت التنفيذ,220339515387,مؤسسه رائد صالح الصيعري للمقاولات,2022-07-26,2022-08-25,12
مشروع تطوير الأنظمة الداخلية,منافسة عامة,تحت التنفيذ,220339514921,شركه العرض المتقن للخدمات التجارية,2022-07-05,2022-08-31,12
توريد وتركيب لتوسعة نظام مرحب لعدد من المنافذ والفروع للهيئة,منافسة عامة,تحت التنفيذ,220339515488,100331 السعودية للحاسبات SBM,2022-04-25,2022-07-20,18
صيانة ونظافة وتشغيل فروع الهيئة بالدمام والاحساء وحفر الباطن,منافسة عامة,تحت التنفيذ,220339513335, شركة المخالد للتجارة والمقاولات,2022-06-12,2022-08-27,36
مشروع توريد أجهزة الشبكة الرئيسية,منافسة عامة,تحت التنفيذ,220339517537,101415 ميدا يست داتاسيستمز العربية السعودي,2022-04-19,2022-06-15,36
إتفاقية تأمين قطع الأجزاء الرئيسية لمحطات الكهرباء وملحقاتها,منافسة عامة,تحت التنفيذ,220339517335,100965 مؤسسة نايف عبدالكريم الرخيص,2022-06-16,2022-08-03,36
موقع الكتروني وتطبيق أجهزة ذكية لمؤتمر الزكاة والدخل,منافسة عامة,تحت التنفيذ,220339517052,100236 شركة شور العالمية للتقنية,2022-05-25,2022-06-27,12
مشروع تطوير خدمة زكاة بهيمة الأنعام,منافسة عامة,تحت التنفيذ,220339517096,100236 شركة شور العالمية للتقنية,2022-05-15,2022-06-21,12
توريد مياه صالحة للشرب لمنفذ الوديعة,منافسة عامة,تحت التنفيذ,220339517014,  مؤسسة روائد الشرق للنقليات,2022-04-28,2022-06-22,24
عقد نظافة وصيانة وتشغيل منفذ الربع الخالي,منافسة عامة,تحت التنفيذ,220339512493,مؤسسة حامد سعود العتيبي للمقاولات,2022-07-05,2022-08-13,12
مشروع تحسينات على نظام الفحص الميداني,منافسة عامة,تحت التنفيذ,220339520711,100698 شركة السحاب الوطنية,2022-04-28,2022-06-26,12
المحتوى الإبداعي لهيئة الزكاة والضريبة والجمارك,منافسة عامة,تحت التنفيذ,220339521977,شركة هوية العربية التجارية ,2022-06-06,2022-07-20,12
توفير دوائر الربط الاحتياطية لمواقع هيئة الزكاة والضريبة والجمارك,منافسة عامة,تحت التنفيذ,220339521643,100032 شركة اتحاد الاتصالات - موبايلي,2022-06-09,2022-08-11,12
تجديد الدعم الفني والرخص مع الشركات الأم لأنظمة تقنية المعلومات,منافسة عامة,تحت التنفيذ,220339517984,شركه تقنيه خدمات المعلومات - فرع شركة سايبرماك لانظمة المعلومات - شركة اركي للتقنيه - فرع الشركه السعوديه للحاسبات الالكترونيه المحدوده,2022-07-18,2022-08-21,2
صيانة ونظافة وتشغيل فروع الهيئة بالطائف ونجران والباحة والمدينة والأمانة العامة للجان الضريبية بجدة,منافسة عامة,تحت التنفيذ,220339521471,101462 شركة المخالد للتجارة والمقاولات,2022-06-15,2022-08-27,36
تحسينات على مشروع إعادة هندسة إجراءات التحصيل,منافسة عامة,تحت التنفيذ,220339525889,شركة الفابت السعودية,2022-06-12,2022-08-25,12
تأهيل وترميم الدور الثالث بمبنى فرع الهيئة والصالة الشاملة بالميناء والمطار بمدينة الدمام,منافسة عامة,تحت التنفيذ,220339522606,100739 مؤسسة ارمادا العالمية للمقاولات الع,2022-04-24,2022-06-09,2
مشروع استمرارية تشغيل منصة الفوترة الإلكترونية,منافسة عامة,تحت التنفيذ,220339528796,الشركة العربية لخدمات الانترنت والاتصالات,2022-07-05,2022-09-01,24
مشروع اعمال أنظمة مكافحة وانذار الحريق بمنفذ الدرة,منافسة عامة,تحت التنفيذ,220339529454, شركة ابراهيم بن محمد بن علي عطيف,2022-07-28,2022-09-13,15
تأهيل وترميم مبنى الركاب بمنفذ الوديعة,منافسة عامة,تحت التنفيذ,220339529199,101232 شركة الصخور العربية للصناعة,2022-06-22,2022-08-03,4
تحسينات نظام الأمانة العامة للجان الزكوية والضريبية والجمركية,منافسة عامة,تحت التنفيذ,220339529028,100042 شركة اجادة للنظم المحدودة,2022-06-09,2022-07-20,18
تأهيل وترميم الصالة الشاملة بالميناء الجاف والمطار بمدينة الرياض,منافسة عامة,تحت التنفيذ,220339529938,100739 مؤسسة ارمادا العالمية للمقاولات الع,2022-06-09,2022-08-11,2
نظافة وصيانة وتشغيل مجمعات الوسائل الرقابية لعدد من المطارات وملحقاتها,منافسة عامة,تحت التنفيذ,220339530283,مؤسسة بناء الحجاز للمقاولات العامة,2022-07-05,2022-09-13,36
مشروع دعم وصيانة الشبكة غير الفعالة لهيئة الزكاة و الضريبة والجمارك وفروعها,منافسة عامة,تحت التنفيذ,220439536206,100787 شركة دار دلتا للتقنيه المعلومات,2022-06-21,2022-08-29,24
خدمات التوظيف الالكترونية,منافسة عامة,تحت التنفيذ,220339535448,100613 شركة جوين العالمية,2022-05-24,2022-08-03,36
مشروع تهيئة وتطوير البنية التحتية التقنية بالمنافذ الجمركية – المرحلة الثانية,منافسة عامة,تحت التنفيذ,220439536558,شركه بعد للاتصالات السلكيه واللاسلكيه المحدوده,2022-07-05,2022-08-21,60
نظافة وصيانة وتشغيل مجمعات الوسائل الرقابية لعدد من المنافذ البرية وملحقاتها,منافسة عامة,تحت التنفيذ,220339530310,مؤسسة بناء الحجاز للمقاولات العامة,2022-07-05,2022-09-13,36
مشروع تهيئة وتطوير البنية التحتية التقنية بالمنافذ الجمركية – المرحلة الثالثة,منافسة عامة,تحت التنفيذ,220439536579,100787 شركة دار دلتا للتقنيه المعلومات,2022-07-24,2022-08-31,60
مشروع تهيئة وتطوير البنية التحتية التقنية بالمنافذ الجمركية – المرحلة الاولى,منافسة عامة,تحت التنفيذ,220439536532,100546 شركة ام دي اس لأنظمة الحاسب,2022-06-12,2022-07-20,60
نظافة وصيانة وتشغيل مجمعات الوسائل الرقابية لعدد من الموانئ وملحقاتها,منافسة عامة,تحت التنفيذ,220439535832,الشركة السعودية للتطوير العمراني,2022-07-05,2022-09-01,36
عقد نظافة وصيانة وتشغيل مبنى إدارة جمرك ميناء ضباء وملحقاته,منافسة عامة,تحت التنفيذ,220439540269,100966 مؤسسه حامد سعود العتيبي للمقاولات,2022-06-06,2022-08-03,36
استقطاب ملاحظين حظائر,منافسة عامة,تحت التنفيذ,220439539549,الشركة السعودية للتطوير العمراني,2022-06-08,2022-08-11,18
خدمات مدارة لتنفيذ حلول أنظمة امن المعلومات,منافسة عامة,تحت التنفيذ,220439552080,شركة المساعدة للحلول الأمنية للاتصالات وتقنية المعلومات,2022-10-17,2022-11-20,24
عقد مناولة منفذ جمرك جسر الملك فهد,منافسة عامة,تحت التنفيذ,220439536900,مؤسسه رائد صالح الصيعري للمقاولات,2022-08-05,2022-09-13,12
مشروع تنفيذ تحسينات وتجديد رخص نظام إدارة دورة حياة التطبيقات Atlassian (JIRA),منافسة عامة,تحت التنفيذ,220439536409,شركة انفوسيستا دي دبليوسي,2022-06-08,2022-08-13,12
تطوير وتشغيل محطات العمل الهندسية لنظام المعلومات الجغرافية وأعمال الرفع الهندسي,منافسة عامة,تحت التنفيذ,220439542271,101537 شركة جي بي سي العالمية للاتصالات,2022-08-17,2022-09-26,24
دعم وتحسين أنظمة الساس,منافسة عامة,تحت التنفيذ,220439543145,100637 شركة أركي للتقنية,2022-06-21,2022-08-18,12
مشروع تنفيذ قسم الوسائل الحية بمطار نيوم,منافسة عامة,تحت التنفيذ,220439543982,101456 اعمار طبريه للتجارة والمقاولات,2022-08-10,2022-10-11,24
تطوير منصة التكامل والربط,منافسة عامة,تحت التنفيذ,220439547171,شركه اجاده للنظم المحدودة,2022-07-18,2022-08-21,14
أعمال التشغيل وصيانة ونظافة أجهزة التحقق من الخصائص الحيوية بالمنافذ الجمركية 2022,منافسة عامة,تحت التنفيذ,220439547170,100973 شركة مدينة الأعمال المحدودة,2022-06-12,2022-06-30,12
صيانة ونظافة وتشغيل فرع الهيئة بالإدارة العامة وفرع الهيئة بالرياض,منافسة عامة,تحت التنفيذ,220339530083,101462 شركة المخالد للتجارة والمقاولات,2022-08-16,2022-09-13,36
تنفيذ نظام إدارة الأصول البرمجية والرخص,منافسة عامة,تحت التنفيذ,220439548581,شركه اجاده للنظم المحدودة,2022-07-26,2022-08-31,8
التحريز بالمنافذ الجمركية,منافسة عامة,تحت التنفيذ,220439547798,مؤسسه طريق الذكاء للتجارة,2022-07-03,2022-08-07,2
زيادة الطاقة الاستيعابية للخوادم في مراكز البيانات,منافسة عامة,تحت التنفيذ,220439548951,الشركة الوطنية لأنظمة الحاسب الالي,2022-07-18,2022-08-31,9
تأمين الحراسات الأمنية لمبنى الإدارة العامة وفروع ومستودعات الهيئة والأمانات العامة للجان الزكوية والضريبية والجمركية,منافسة عامة,تحت التنفيذ,220439543383,100310 امنكو للحول الامنية,2022-09-08,2022-10-16,12
مشروع رفع الطاقة الاستيعابية لمنفذ سلوى – المرحلة الأولى,منافسة عامة,تحت التنفيذ,220439551041,101456 اعمار طبريه للتجارة والمقاولات,2022-06-09,2022-06-29,4
مشروع رفع الطاقة الاستيعابية لمنفذ سلوى – المرحلة الثانية,منافسة عامة,تحت التنفيذ,220439551050,101456 اعمار طبريه للتجارة والمقاولات,2022-06-09,2022-06-29,4
خدمات الإعاشة لموظفي منفذ الربع الخالي,منافسة عامة,تحت التنفيذ,220339520356, شركة أعمال المرافق المحدودة,2022-07-28,2022-09-05,12
تأهيل وتطوير مباني الجوازات بمنفذ سلوى,منافسة عامة,تحت التنفيذ,220439551035,شركة آل مترك للمقاولات,2022-06-07,2022-06-29,4
تأهيل وترميم مباني المعاينين (الشمالي والجنوبي) بميناء جدة الاسلامي,منافسة عامة,تحت التنفيذ,220439553608,101481 مؤسسة إعمار نجد للمقاولات,2022-06-26,2022-08-03,3
تأهيل وترميم الصالة الشاملة في ميناء الجبيل ورأس تنورة,منافسة عامة,تحت التنفيذ,220439553609,شركة درع التطوير للتجارة,2022-05-26,2022-06-16,2
عقد مناولة جمرك منفذ الحديثة,منافسة عامة,تحت التنفيذ,220439553604,101081 شركة قائم للمقاولات,2022-07-27,2022-08-25,12
مشروع تحسينات منصة ضريبة التصرفات العقارية والدعم الفني,منافسة عامة,تحت التنفيذ,220439554399,شركه اجاده للنظم المحدوده,2022-07-05,2022-08-25,12
مشروع تطوير نقل الموظف حسب الحالات الخاصة,منافسة عامة,تحت التنفيذ,220439554164,شركة الفابت السعودية,2022-07-05,2022-09-13,12
تصميم وتنفيذ تحسينات على نظام إيراد (المرحلة الثالثة),منافسة عامة,تحت التنفيذ,220439554315,شركه انفينيو لحلول الاعمال,2022-07-25,2022-08-25,12
مشروع تحسينات على نظام العقود الذكية,منافسة عامة,تحت التنفيذ,220439554205,شركة اجادة للنظم المحدودة,2022-06-28,2022-08-11,12
مشروع تحسينات على نظام العلاقات الدولية,منافسة عامة,تحت التنفيذ,220439554236,شركة اجادة للنظم,2022-07-04,2022-08-25,12
Data Wipe Solution,منافسة عامة,تحت التنفيذ,220439554395,101245 مؤسسة نسيج الأعمال لتقنية المعلومات,2022-06-22,2022-08-03,1
مشروع أعمال أنظمة إنذار ومكافحة الحريق بمنفذ البطحاء,منافسة عامة,تحت التنفيذ,220539557527, شركة أعمال الضمان للمقاولات,2022-09-14,2022-11-06,15
عملية نزح مياه الصرف الصحي لمباني هيئة الزكاة والضريبة والجمارك بحي المغرزات بالرياض,منافسة عامة,تحت التنفيذ,220539557722,101480 مؤسسة مناير نجد للمقاولات,2022-06-27,2022-09-05,24
مشروع الحلول الرقمية (Omni-Channels),منافسة عامة,تحت التنفيذ,220539558401,شركه شور العالمية للتقنية,2022-11-08,2022-12-14,12
مناولة جمرك منفذ البطحاء,منافسة عامة,تحت التنفيذ,220539559258, موسسه رائد صالح الصيعري للمقاولات,2022-08-03,2022-10-27,12
تأهيل وتطوير بيئة العمل في مباني جمارك وجوازات صالات استقبال الباصات بمنفذ البطحاء,منافسة عامة,تحت التنفيذ,220539558922,شركة آل مترك للمقاولات,2022-07-25,2022-08-25,3
هدية الموظف الجديد,منافسة عامة,تحت التنفيذ,220539563558,100064 شركة إيوان الخليج للتجارة,2022-07-26,2022-09-01,12
تطوير نظام مراقبة البنية التحتية والشبكات,منافسة عامة,تحت التنفيذ,220539565793,شركة المعمر لأنظمة المعلومات,2022-08-09,2022-09-07,3
تعديل تغطيات أعمدة مظلات الركاب والجوازات في منفذ البطحاء,منافسة عامة,تحت التنفيذ,220539566216, شركة الحارثية المحدودة,2022-06-26,2022-08-18,2
تجديد رخص SoftwareAG BPM,منافسة عامة,تحت التنفيذ,220539565901,الشركة العربية لخدمات الانترنت والاتصالات,2022-07-25,2022-09-01,12
تأهيل وتطوير مباني الهيئة في منفذ جسر الملك فهد,منافسة عامة,تحت التنفيذ,220539569542,100776 مؤسسة مجال للمقاولات العامة,2022-07-28,2022-08-25,2
مناولة جمرك منفذ الربع الخالي,منافسة عامة,تحت التنفيذ,220539568276, موسسه الرويس للمقاولات,2022-07-27,2022-08-25,12
تأمين أنظمة فحص بالأشعة السينية 2022,منافسة عامة,تحت التنفيذ,220439536165,الشركة المتحدة للاعمال التقنية,2022-12-12,2023-03-01,36
إدارة ممتلكات سكن العزاب بالمدينة السكنية بمنفذ البطحاء ومنفذ جديدة عرعر,منافسة عامة,تحت التنفيذ,220539558859,شركة تدبير المحدودة,2022-10-17,2022-11-16,24
مشروع انشاء مرافق مساندة لمنفذ الربع الخالي,منافسة عامة,تحت التنفيذ,220439552621,شركة الجودة للمقاولات,2022-10-10,2022-11-06,12
رفع الطاقة الاستيعابية لمنطقة الركاب بمنفذ البطحاء - الصادر,منافسة عامة,تحت التنفيذ,220539574708, مؤسسه البواكر للمقاولات,2022-08-10,2022-08-27,3
توريد أجهزة حاسب آلي وملحقاتها,منافسة عامة,تحت التنفيذ,220539572586,100001 شركة عبدالله فؤاد القابضة,2022-08-11,2022-09-18,18
مشروع استكمال الأعمال المتبقية لسكن العوائل والعزاب المنطقة السكنية منفذ سلوى,منافسة عامة,تحت التنفيذ,220539568583,الشركه السعوديه للتطوير العمراني,2023-03-12,2023-05-11,25
مشروع أعمال ترميم و تطوير و تحسين منفذ الخضراء,منافسة عامة,تحت التنفيذ,220339531643,مؤسسة بكر ناصر المطرودي للمقاولات,2022-11-20,2023-01-05,15
مشروع رفع الطاقة الاستيعابية لمنطقة الركاب بمنفذ البطحاء - الوارد,منافسة عامة,تحت التنفيذ,220539575240, شركة آل مترك للمقاولات والتعهدات,2022-08-05,2022-08-28,3
تشغيل وصيانة أنظمة الطاقة غير المنقطعة UPS لمواقع الهيئة بالمنطقة الوسطى والجنوبية,منافسة عامة,تحت التنفيذ,220539576220,101536 شركة سافانا الدولية للإنشاءات,2022-08-17,2022-09-01,18
تشغيل وصيانة أنظمة الطاقة غير المنقطعة UPS لمواقع الهيئة بالمنطقة الغربية,منافسة عامة,تحت التنفيذ,220539575846,مؤسسة ضي العليا لتقنية المعلومات,2022-07-04,2022-08-18,18
تأمين وتجهيز مركبات لنقل الموقوفين,منافسة عامة,تحت التنفيذ,220539575576,شركة الملحم لخدمات السيارات,2022-09-15,2022-11-01,2
توريد أحبار للطابعات,منافسة عامة,تحت التنفيذ,220539575599,شركة النهل للحاسب الآلي,2022-07-18,2022-08-31,12
مشروع تطوير أداة التدقيق,منافسة عامة,تحت التنفيذ,220639578182,101466 شركة الفابت السعودية,2022-09-15,2022-10-27,12
تشغيل وصيانة أنظمة الطاقة غير المنقطعة UPS لمواقع الهيئة بالمنطقة الشمالية والشرقية,منافسة عامة,تحت التنفيذ,220639580311,101451 شركة ضي العليا لتقنية المعلومات,2022-08-22,2022-11-09,18
تجديد خدمات الربط والانترنت لنظام الاختام الضريبية,منافسة عامة,تحت التنفيذ,220639582266,100032 شركة اتحاد الاتصالات - موبايلي,2022-06-26,2022-08-11,1
 تأمين أجهزة فحص الحقائب والطرود و المركبات وأنظمة الاتلاف بمنفذ الرقعي,منافسة عامة,تحت التنفيذ,220639584279,شركة السيف للتنمية,2023-02-14,2023-04-06,36
مشروع انشاء خطوط نقل المياه الرئيسية وشبكة توزيع المياه لمنفذ البطحاء,منافسة عامة,تحت التنفيذ,220439548534, شركة اكوا العربية للمياه,2022-09-15,2022-10-16,11
تجديد وزيادة بعض التراخيص لبعض أنظمة أمن المعلومات,منافسة عامة,تحت التنفيذ,220639582855, شركه ام دي اس لانظمه الحاسب الالي,2022-09-01,2022-10-16,12
تطوير وتحسين البنية التحتية,منافسة عامة,تحت التنفيذ,220639587125,الشركة الوطنيه لانظمه الحاسب الالي,2022-08-05,2022-09-01,7
كراسة توفير حل متكامل لتقديم بيئة معزولة توفر الحماية الأمنية التقنية لبيئة النسخ الاحتياطي,منافسة عامة,تحت التنفيذ,220639588737, شركة الحلول المتسارعة,2022-09-11,2022-10-03,5
زيادة التراخيص الانظمة الوصول و الهوية,منافسة عامة,تحت التنفيذ,220639591287,شركة الثقة الأمنية لتقنية المعلومات,2022-09-12,2022-10-20,24
نظافة وصيانة وتشغيل المباني الجمركية وملحقاتها بميناء جازان,منافسة عامة,تحت التنفيذ,220639591909,100850 موسسه الرويس للمقاولات,2022-08-05,2022-09-13,12
زيادة الطاقة الاستيعابية لوحدات التخزين في مراكز البيانات 1,منافسة عامة,تحت التنفيذ,220639581923,101540 شركة انظمة البيانات المتقدمة,2022-08-28,2022-09-26,6
زيادة الطاقة الاستيعابية لوحدات التخزين في مراكز البيانات 3,منافسة عامة,تحت التنفيذ,220639596106,100012 الوطنية لانظمة الحاسب الالي,2022-08-31,2022-10-03,3
توريد مواد ومستلزمات الحظائر والتدريب 2022م للمركز الوطني للوسائل الحية بهيئة الزكاة والضريبة والجمارك,منافسة عامة,تحت التنفيذ,220639590554,مؤسسة قلعة الحيوان للتجارة,2022-09-19,2022-10-27,4
زيادة الطاقة الاستيعابية لوحدات التخزين في مراكز البيانات 2,منافسة عامة,تحت التنفيذ,220639584253,100546 شركة ام دي اس لأنظمة الحاسب,2022-08-22,2022-09-26,2
توفير دوائر اتصال لربط مراكز البيانات الرئيسية,منافسة عامة,تحت التنفيذ,220639598295,"اتحاد الاتصالات ""موبايلي"" / الاتصالات المتكاملة",2022-09-08,2022-10-16,12
تجديد التراخيص للأنظمة والبنية التحتية مع الشركات الام,منافسة عامة,تحت التنفيذ,220639598269,100546 شركة ام دي اس لأنظمة الحاسب,2022-09-11,2022-10-20,24
تأهيل وتطوير مبنى الصالة الشاملة بميناء جازان والصالة الشاملة بميناء ضباء,منافسة عامة,تحت التنفيذ,220639599411,100776 مؤسسة مجال للمقاولات العامة,2022-08-05,2022-09-05,3
توريد مياة لميناء ضباء,منافسة عامة,تحت التنفيذ,220639592379,101401 مؤسسة معاذ محمد عبدالعزيز الفاضل,2022-08-16,2022-09-13,6
زيادة الطاقة الاستيعابية لوحدات التخزين في مراكز البيانات 4,منافسة عامة,تحت التنفيذ,220639598673, الوطنية لانظمة الحاسب الالي,2022-08-22,2022-09-18,12
شراء المركبات – الوسائل الحية,منافسة عامة,تحت التنفيذ,220639605035,شركة امعان الدولية للتجارة,2022-10-13,2022-11-09,6
"توريد وتأمين ""80"" وسيلة حية للمركز الوطني للوسائل الحية",منافسة عامة,تحت التنفيذ,220639604592, شركة تفرد للأستثمار,2022-07-27,2022-08-25,6
توريد طابعات خاصة بالبطاقات الجمركية,منافسة عامة,تحت التنفيذ,220639587693,101521 شركة النهج الاخضر المحدودة,2022-08-11,2022-09-28,12
مشروع تطوير نظام الدعم الفني وإدارة الخدمات,منافسة عامة,تحت التنفيذ,220639607151,فرع شركة سايبرماك لانظمة المعلومات,2022-09-25,2022-10-27,7
مشروع توريد نظام Qualtrics,منافسة عامة,تحت التنفيذ,220639607893,شركة برايس وترهاوس كوبرز للاستشارات,2022-09-08,2022-11-06,3
تأهيل المبنى الإداري بميناء جدة الإسلامي والموقع العام,منافسة عامة,تحت التنفيذ,220739615621,101481 مؤسسة إعمار نجد للمقاولات,2022-10-10,2022-11-20,3
مجموعة محطة معالجة الصرف الصحي بحالة عمار,منافسة عامة,تحت التنفيذ,220639604340,شركة ووتر آند باور إنجنيرنغ العربية,2023-02-06,2023-03-16,15
توريد قطع غيار لمحطة توليد الطاقة الكهربائية بمنفذ البطحاء,منافسة عامة,تحت التنفيذ,220739617916,فرع شركة الزاهد للتراكتورات والمعدات الثقيلة المحدودة,2022-08-28,2022-09-26,9
استئجار مركبات لهيئة الزكاة والضريبة والجمارك,منافسة عامة,تحت التنفيذ,220739624921, شركة لومي للتأجير,2022-10-03,2022-11-09,36
تأهيل وترميم مبنى إدارة الجمرك بمنفذ جديدة عرعر,منافسة عامة,تحت التنفيذ,220739624782, شركة فهد ماضي المجول للمقاولات,2022-10-28,2022-12-14,4
تأهيل وتطوير المباني الإدارية في منفذ البطحاء ومنفذ سلوى ومنفذ الرقعي,منافسة عامة,تحت التنفيذ,220739624962,شركة درع التطوير للتجارة,2022-09-19,2022-11-30,3
عملية شراء عدد 40 جهاز حاسب لوحي,منافسة عامة,تحت التنفيذ,220839625878,مؤسسة الخط المتطور للاتصالات وتقنية المعلومات,2022-09-05,,1
تأمين وتركيب كاميرات أمنية 2022,منافسة عامة,تحت التنفيذ,220839633878,شركة الوفاق العربية للتجارة وتقنية المعلومات,2023-02-21,2023-04-06,36
مشروع توريد وتركيب متطلبات توسعة البنية التحتية التقنية,منافسة عامة,تحت التنفيذ,220839631035,شركه ام دي اس لأنظمه الحاسب الالي,2022-11-20,2023-01-05,36
تأمين أفران وأجهزة فرم للتخلص من المضبوطات 2022,منافسة عامة,تحت التنفيذ,220839634581,شركة إبراهيم بن محمد بن علي عطيف للمقاولات العامة,2022-12-08,2023-02-12,36
تأهيل وتطوير مباني الجوازات في منفذ الحديثة ومنفذ الخفجي,منافسة عامة,تحت التنفيذ,220839641574, فرع شركة درع التطوير للتجارة,2022-09-15,2022-10-16,3
عملية نزح مياه الصرف الصحي للمنطقة السكنية الجديدة لمنفذ الدرة,منافسة عامة,تحت التنفيذ,220839640764, مؤسسة أشغال النهار للمقاولات,2022-09-27,2022-11-09,24
مشروع الطاقة الكهربائية الاحتياطية بمنفذ جديدة عرعر,منافسة عامة,تحت التنفيذ,220839640067,شركة سافانا الدولية للأنشاءات المحدودة,2022-12-07,2023-01-17,9
توريد وتشغيل مكائن البيع الذاتي في المنافذ الجمركية,منافسة عامة,تحت التنفيذ,220839641532,شركة الأثير العالمية للتجارة,2022-09-29,2022-10-27,12
توريد وتركيب لوحات كهربائية بالبطحاء,منافسة عامة,تحت التنفيذ,220839638668, مؤسسة لوحات التحكم الكهربائية,2022-10-10,2022-11-16,3
قاعدة بيانات لأغراض تسعير المعاملات,منافسة عامة,تحت التنفيذ,220839641399, شركة اجادة للنظم المحدودة,2022-10-10,2022-11-06,12
عملية توريد مياه صالحة للشرب للمنطقة السكنية الجديدة لمنفذ الدرة,منافسة عامة,تحت التنفيذ,220839641059, مؤسسة أشغال النهار للمقاولات,2022-09-19,2022-11-09,24
إنشاء سياج أمني للحدود الأمنية مع عمان,منافسة عامة,تحت التنفيذ,220839627311,شركة أسوار الصحراء المحدودة,2022-11-20,2023-01-05,9
توسعة مركز البيانات في المقر الرئيسي,منافسة عامة,تحت التنفيذ,220839642497,شركه محمد منصور الرميح للتجارة,2022-10-03,2022-10-27,6
تأهيل وتطوير مبنى الصالة الشاملة في ميناء رابغ وميناء ينبع,منافسة عامة,تحت التنفيذ,220839644969,شركة درع التطوير للتجارة,2022-10-17,2022-11-16,3
عقد نظافة وصيانة وتشغيل منافذ (الخضراء – علب -الطوال ),منافسة عامة,تحت التنفيذ,220839645068,مؤسسة مواقع النجوم للمقاولات,2022-11-17,2022-12-27,12
مشروع تجديد الدعم الفني والرخص مع الشركات الأم لأنظمة تقنية المعلومات المجموعة الأولى,منافسة عامة,تحت التنفيذ,220740624500,شركه العلم لأمن المعلومات - شركه اجاده للنظم المحدودة - شركه المثلث التقني الكامل - شركه برايس وتر هاوس كوبرز للاستشارات - شركة طاقم الأعمال التوسعية التجارية,2022-11-24,2023-01-05,24
خدمات إعلامية,منافسة عامة,تحت التنفيذ,220839651362, شركة خمسة ثلاثين للإنتاج الاعلامي,2022-10-17,2022-11-01,6
تأمين نظم المراقبة والتحكم بمنفذ سلوى,منافسة عامة,تحت التنفيذ,220939656461,شركة المقاولون المبتكرون للمعايير المتطورة,2022-12-05,2023-02-08,36
مشروع تأمين أجهزة امنية متنوعة بمنفذ الرقعي,منافسة عامة,تحت التنفيذ,220939655325,شركة المقاولون المبتكرون للمعايير المتطورة,2022-12-25,2023-02-12,36
عقد مناولة جمرك منفذ الخفجي,منافسة عامة,تحت التنفيذ,220939658600, مؤسسة منشأ البناء للمقاولات,2022-10-26,2023-01-05,12
توريد وتركيب الأثاث المكتبي,منافسة عامة,تحت التنفيذ,220939661735, مؤسسة مجال للمقاولات العامة,2022-10-10,2022-11-06,2
تأمين وتشغيل أنظمة البوابات و المرافق الذكية لمنفذ البطحاء,منافسة عامة,تحت التنفيذ,220639603321,الشركة العربية لخدمات الانترنت والاتصالات,2023-02-14,2023-04-10,36
مشروع أعمال محطة معالجة الصرف الصحي ومحطة معالجة وتنقية المياه بمنفذ جديدة عرعر – المنطقة السكنية,منافسة عامة,تحت التنفيذ,220839628954,مؤسسة وشنه للمقاولات,2022-12-21,2023-02-08,30
مشروع تطوير وتحسين محطة معالجة الصرف الصحي وشبكات الري بمنفذ حالة عمار,منافسة عامة,تحت التنفيذ,220839628931,شركة فهد ماضي المجول للمقاولات,2023-02-02,2023-03-26,29
توفير نظام لأتمته تفعيل مركز التعافي من الكوارث,منافسة عامة,تحت التنفيذ,220939660109,شركة نيتسينك نيتورك سلوشن,2022-10-27,2023-01-05,5
نظافة وصيانة وتشغيل عدد من المنافذ البرية,منافسة عامة,تحت التنفيذ,220439549184,مؤسسة حامد سعود العتيبي للمقاولات,2023-02-26,2023-03-28,36
مشروع تطوير البيئة الافتراضية لدعم التطبيقات,منافسة عامة,تحت التنفيذ,220939765512,شركة المعمر لانظمة المعلومات,2022-11-06,2022-12-14,12
تعديل واجهات كبائن التفتيش بمنفذ سلوى,منافسة عامة,تحت التنفيذ,220939766916, مؤسسة عبدالله محمد البراك للمقاولات,2022-10-10,2022-10-27,2
حمالة المستودعات الجمركية في ميناء جدة الإسلامي و ميناء الملك عبدالعزيز و الميناء الجاف,منافسة عامة,تحت التنفيذ,220939770594,مؤسسة ثروات المجد للمقاولات العامة,2022-11-17,2023-01-05,36
توريد وتركيب وتشغيل مواد كهربائية وأجهزة الطاقة غير المنقطعة لتشغيل الأجهزة الخاصة بغرف السيرفرات بمواقع الهيئة,منافسة عامة,تحت التنفيذ,220939654659,شركة سايت تكنولوجي العربية السعودية,2022-11-17,2023-01-26,12
تامين وتوريد المستلزمات والمساعدات التدريبية المخصصة للمناطق منخفضة الحرارة 2022م,منافسة عامة,تحت التنفيذ,220939771228,مؤسسة قلعة الحيوان التجارية,2022-10-27,2022-12-14,3
عقد مناولة جمرك منفذ الخضراء,منافسة عامة,تحت التنفيذ,220939771995,مؤسسة الرويس للمقاولات,2022-11-06,2022-12-14,12
نقل سيارات هيئة الزكاة والضريبة والجمارك,منافسة عامة,تحت التنفيذ,220939769341,شركة مجموعة أعمال البسامي الدولية,2022-10-17,,24
عزل الأسطح لمباني المعاينين في ميناء جدة الإسلامي,منافسة عامة,تحت التنفيذ,220939777080,الشركة العربية للحماية والتدعيم,2022-10-17,2022-11-09,2
مشروع تجديد الدعم الفني للأنظمة الشبكات مع الشركات الام لهيئة الزكاة والضريبة والجمارك,منافسة عامة,تحت التنفيذ,220939780076,شركه داتا كونسولت السعودية,2022-12-08,2023-01-05,1
تنفيذ هندسة الامن السيبراني,منافسة عامة,تحت التنفيذ,220939777193,شركة أسس الحماية الرقمية لتقنية المعلومات,2022-12-07,2023-01-25,1
مشروع تأمين دائرة اتصال انترنت احتياطية DIA بالمبنى الرئيسي بالمربع والمبنى الاحتياطي بمركز الملك عبد الله المالي,منافسة عامة,تحت التنفيذ,220939782750,شركه الاتصالات السعودية,2022-11-14,2023-01-26,12
توريد وتامين أكل وسائل حية للمركز الوطني للوسائل الحية بهيئة الزكاة والضريبة والجمارك,منافسة عامة,تحت التنفيذ,220939777233, شركة لقاء الدولية,2022-10-30,2022-12-14,12
توريد وتركيب نظام مراقبة لغرف التحكم و البيانات بالمنافذ الجمركية,منافسة عامة,تحت التنفيذ,220939769512,شركه التقنيه والخدمات المتطوره,2023-01-05,2023-02-02,8
عملية شراء عدد 40 جهاز حاسب لوحي,منافسة عامة,تحت التنفيذ,220939783802,مؤسسة الخط المتطور للاتصالات وتقنية المعلومات,2022-10-19,,1
تشغيل مركز التواصل لهيئة الزكاة والضريبة والجمارك,منافسة عامة,تحت التنفيذ,220939765197,شركه الخليج للتدريب والتعليم,2022-12-11,2023-01-05,12
تجديد الاشتراك في منصة سبراوت سوشيال,منافسة عامة,تحت التنفيذ,221039786499, مؤسسة تلال العصرية  للتجارة,2022-10-30,2022-12-05,12
إطلاق حملات ترويجية عن مبادرات وإنجازات الهيئة,منافسة عامة,تحت التنفيذ,220939775710,مؤسسة زان المصمم للتجارة,2022-11-14,2022-12-15,4
مشروع تشغيل خدمات الامن السيبراني,منافسة عامة,تحت التنفيذ,221039790308,شركه الحلول المتميزة,2022-11-25,2022-12-29,36
توضيب و صيانة عدد (8) ثمانية شاحن توربيني للمولدات الرئيسي بمحطة توليد منفذ الرقعي,منافسة عامة,تحت التنفيذ,220939781513,شركه المركز الآلي السعودي لقطع الغيار المحدودة ,2023-01-05,2023-02-13,2
كراسة توفير البنية التحتية لنظام تحليل الصور ومراقبة الكاميرات في المنافذ الجمركية,منافسة عامة,تحت التنفيذ,221039795695,شركة التقنية الآمنة للأنظمة الأمنية,2023-03-12,2023-05-01,3
مشروع تصميم وتحسين مستودع البيانات,منافسة عامة,تحت التنفيذ,221039800212,شركة الاعمال البارعة لتقنية المعلومات,2023-01-30,2023-02-28,12
عقد إستئجار مولد طاقة كهربائية الأحتياطية لمبنى اللجان الجمركية بالمغرزات,منافسة عامة,تحت التنفيذ,221039800347,شركة عبدلله عبدالكريم العثيم المتحدة,2023-01-17,2023-04-13,24
مشروع أعمال أنظمة إنذار ومكافحة الحريق بمنفذ جديدة عرعر,منافسة عامة,تحت التنفيذ,220839639956,شركة الماء الأحمر لهندسة المشاريع,2023-03-22,2023-03-30,18
نظافة وصيانة وتشغيل مباني إدارة جمرك موانئ ( الملك عبدالعزيز – الجبيل – رأس تنورة – ينبع ),منافسة عامة,تحت التنفيذ,221039802592,مؤسسة حامد سعود العتيبي للمقاولات,2023-02-06,2023-03-26,36
تأمين أنظمة البوابات الأمنية للمنافذ البرية الشمالية ( الدرة – حالة عمار – الحديثة – جديدة عرعر),منافسة عامة,تحت التنفيذ,221039804570,شركة مجموعة الجرس السعودي,2023-02-09,2023-03-16,24
تأمين أنظمة البوابات الأمنية للمنافذ البرية الشرقية ( الخفجي – الوديعة – الميناء الجاف),منافسة عامة,تحت التنفيذ,221039804559,الشركة المتحدة للاعمال التقنية,2023-02-09,2023-03-16,24
مشروع محطة وقود دائمة عند منفذ الربع الخالي,منافسة عامة,تحت التنفيذ,221139841633,شركة برو فاست المحدودة,2023-02-09,2023-03-16,14
تأمين أجهزة يدوية لفحص البضائع والمركبات بالأشعة السينية,منافسة عامة,تحت التنفيذ,221139842535,شركة اي جي اند جي الشرق الاوسط,2023-02-28,2023-05-01,36
توريد أجهزة كشف المخدرات والمتفجرات والمواد الخطرة,منافسة عامة,تحت التنفيذ,221139831900,الامنيون العرب للتجهيزات العسكرية والامنية,2023-02-21,2023-03-28,33
مشروع تأمين وتركيب كاميرات مراقبة امنية صوت وصورة بالمطارات والمنافذ البرية,منافسة عامة,تحت التنفيذ,221039811625,شركة تحريز الامنية,2023-01-25,2023-02-13,24
تأمين أجهزة عد وتحريز الممنوعات والمهربات,منافسة عامة,تحت التنفيذ,221139821522,شركة تحريز الامنية,2023-02-21,2023-04-06,36
تأهيل وتعديل وتركيب مظلة الركاب وواجهات الكبائن وتكسيه الاعمدة في منفذ الحديثة,منافسة عامة,تحت التنفيذ,220939779236,شركة الصخور العربية للصناعة,2022-12-05,2022-12-27,4
تأهيل وتطوير مباني الركاب في منفذ الدرة ومنفذ حالة عمار,منافسة عامة,تحت التنفيذ,221039801155,شركة الصخور العربية للصناعة,2023-01-24,2023-02-28,210
تأمين سيارات وكرافانات وخيام لعوامل زكاة بهيمة الانعام لعام 1444هـ,منافسة عامة,تحت التنفيذ,221039798409,مؤسسة ثروات المجد للمقاولات العامة,2022-12-08,2022-12-27,2
مشروع تأمين أجهزة مساندة بالتفتيش وسرعة الفحص,منافسة عامة,تحت التنفيذ,221039806526,الشركة المتحدة للاعمال التقنية,2023-01-30,2023-02-28,36
مشروع تأمين وتشغيل نظام تحليل أنظمة المراقبة الأمنية بالمنافذ البرية الشرقية,منافسة عامة,تحت التنفيذ,221039808686,الشركة العربية لخدمات الانترنت والاتصالات,2023-03-22,2023-05-11,36
تجديد الدعم الفني ورخص للتطبيقات مع الشركات الام المرحلة الثانية,منافسة عامة,تحت التنفيذ,221039809239,فرع الشركة السعودية للحاسبات الإلكترونية المحدودة - شركة الاعمال البارعة لتقنية المعلومات - شركه اجاده للنظم المحدودة - شركة مستقبل العالم لتقنية المعلومات - شركه تحكم التقنية المحدودة - الشركة العربية لخدمات الانترنت والاتصالات - شركة المتقدمة التقنية والأمن السيبراني المحدودة,2023-02-27,2023-03-28,24
تأمين و تشغيل نظام تحليل انظمة المراقبة الامنية بالمنافذ البرية الشمالية و الجنوبية,منافسة عامة,تحت التنفيذ,221139815294,الشركة العربية لخدمات الانترنت والاتصالات,2023-03-22,2023-05-04,36
مشروع أعمال مستودع المتروكات والمحجوزات لجمرك مطار الملك خالد بالرياض,منافسة عامة,توقيع العقد,221139832265,شركة الامباط للمقاولات,2023-04-10,,18
تحسينات وتطويرات في منفذ الحديثة -م2,منافسة عامة,الضمان النهائي,221139837415,شركة مجال البناء للمقاولات,2023-06-04,,12
أنشطة وفعاليات هيئة الزكاة والضريبة والجمارك,منافسة عامة,تحت التنفيذ,221139815106,مؤسسه رؤى المعارض لإقامه وتنظيم المعارض,2022-12-20,2023-01-11,4
توريد و تركيب أعمال حديدية (أسوار-بوابات - مظلات ) بمنفذ البطحاء,منافسة عامة,تحت التنفيذ,221139815153,شركة مجال البناء للمقاولات,2022-12-27,2023-02-02,6
توريد أجهزة حاسب الي وملحقاتها (المرحلة الثانية),منافسة عامة,تحت التنفيذ,221039811804,الشركة الوطنية لأنظمه الحاسب الالي,2022-12-05,2023-01-24,12
برنامج أتمتة أعمال نظام إدارة الجودة,منافسة عامة,تحت التنفيذ,221039813394,الفنار لتقنية المعلومات,2023-01-29,2023-02-28,3
مشروع تشغيل و تحسين نظام الهوية,منافسة عامة,تحت التنفيذ,221039812811,شركة أسس الحماية الرقمية لتقنية المعلومات,2023-01-12,,24
عقد مناولة مستودعات المتروكات والمحجوزات للمطارات,منافسة عامة,تحت التنفيذ,221139832719,مؤسسة ثروات المجد للمقاولات العامة,2023-01-12,2023-02-28,36
تأهيل وترميم المبنى الإداري في منفذ الوديعة,منافسة عامة,تحت التنفيذ,221139828690,شركة الصخور العربية للصناعة,2022-12-20,2023-02-02,3
توريد وتركيب بوابات وأجهزة كشف المعادن,منافسة عامة,تحت التنفيذ,221139818697,شركة تحريز الامنية,2023-02-13,2023-04-06,36
مشروع الطاقة الكهربائية الاحتياطية بمنفذ سلوى,منافسة عامة,تحت التنفيذ,230139874121,شركة تأجير معدات الطاقة المحدودة,2023-04-03,2023-05-04,9
مشروع الطاقة الكهربائية الاحتياطية بمنفذ الرقعي,منافسة عامة,توقيع العقد,230139878364,شركة نايف عبد الكريم الرخيص,2023-04-03,,9
"توريد وتامين ""60"" وسيلة حية للمركز الوطني للوسائل الحية",منافسة عامة,تحت التنفيذ,221139825611,مؤسسة الحياة والحيوان للتجارة,2022-12-05,2023-01-10,6
مشروع تشغيل وصيانة أجهزة امنية مساندة 2023,منافسة عامة,تحت التنفيذ,230139866443,شركة اي جي اند جي الشرق الاوسط,2023-03-23,2023-05-01,14
توريد و تركيب مراوح رذاذ بالمنافذ البرية,منافسة عامة,تحت التنفيذ,230139863124,مؤسسة ابيس التجارية,2023-03-28,2023-05-01,8
تأهيل وترميم سور أمن الطرق والموقع العام في منفذ البطحاء,منافسة عامة,تحت التنفيذ,221139843156,شركة الاداء المتوازن للمقاولات,2023-01-05,2023-02-08,3
صناعة المحتوى التوعوي وإنتاج التصاميم الإبداعية,منافسة عامة,تحت التنفيذ,221239846193,مؤسسه رؤى المعارض لاقامه وتنظيم المعارض,2023-01-05,2023-01-26,4
تصميم وتنفيذ تحسينات على نظام ساب المرحلة الثالثة,منافسة عامة,تحت التنفيذ,221139839860,الشركة العربية لخدمات الانترنت والاتصالات,2023-01-12,2023-02-13,24
نقل وتهجير التطبيقات ومكونات البنية التحتية إلى المجال الجديد,منافسة عامة,تحت التنفيذ,221139842655,شركة أسس الحماية الرقمية لتقنية المعلومات,2023-02-09,2023-04-06,9
مشروع تطوير منصة البيانات المفتوحة,منافسة عامة,تحت التنفيذ,221139841367,شركة إجادة للنظم المحدودة,2023-01-30,2023-03-09,14
اتفاقية توريد وتركيب مواد للشبكات الكهربائية,منافسة عامة,تحت التنفيذ,230139864250,شركة سافانا الدولية للأنشاءات المحدودة,2023-04-06,2023-05-29,36
مشروع الطاقة الكهربائية الاحتياطية بمنفذ الوديعة,منافسة عامة,تحت التنفيذ,230139871715,نايف عبدالكريم الرخيص للمقاولات,2023-03-06,2023-03-28,9
تشغيل وصيانة أجهزة التحقق من الخصائص الحيوية 2023,منافسة عامة,الضمان النهائي,230339922461,شركة مصفوفة الانظمة للمقاولات العامة,2023-05-11,,12
تأمين وربط أجهزة التحقق من الخصائص الحيوية 2023,منافسة عامة,الضمان النهائي,230239902010,شركه جمال عبدالفتاح جارودي للمقاولات,2023-05-22,,9
مشروع تأمين دوائر اتصال SIP لهيئة الزكاة والضريبة والجمارك لمدة عام,منافسة عامة,توقيع العقد,221139843330,شركه الاتصالات السعوديه,2023-03-15,,12
تشغيل وصيانة أنظمة الفحص بالأشعة السينية بالمنطقة الشمالية 2023,منافسة عامة,تحت التنفيذ,221239845781,الشركة المتحدة للأعمال التقنية,2023-03-23,2023-05-04,24
تشغيل وصيانة أنظمة الفحص بالأشعة السينية بالمنطقة الشرقية 2023,منافسة عامة,تحت التنفيذ,221239845513,شركة اي جي اند جي الشرق الأوسط,2023-03-22,2023-04-13,24
تشغيل وصيانة أنظمة الفحص بالأشعة السينية بالمناطق الوسطى والغربية والجنوبية 2023,منافسة عامة,تحت التنفيذ,221239845114,شركة اي جي اند جي الشرق الأوسط,2023-03-22,2023-05-01,24
توفير اشتراكات المعهد الدولي للتحليلات,منافسة عامة,تحت التنفيذ,221239848167,مؤسسة الخطوط المتحدة التجارية,2023-01-29,2023-02-28,12
توريد وتركيب إشارات ضوئية بمنفذي سلوى والخفجي,منافسة عامة,تحت التنفيذ,221239849497,شركة رايسي للتجاره والمقاولات المحدودة,2022-12-28,,1
تحسينات على منصة الخدمات الإلكترونية,منافسة عامة,تحت التنفيذ,221139842191,شركة اجادة للنظم المحدودة,2023-03-27,2023-05-01,12
تأهيل وترميم الدور الأرضي والأول بجمرك ميناء الدمام,منافسة عامة,تحت التنفيذ,230139876853, مؤسسة مجال للمقاولات العامة,2023-02-21,2023-03-26,3
تأهيل وترميم الدور الأول والثاني وواجهات مبنى إدارة جمرك ميناء جازان,منافسة عامة,الضمان النهائي,230339913068,مؤسسة مجال للمقاولات العامة,2023-05-24,,3
شحن رصيد خدمة الرسائل النصية والدعم الفني,منافسة عامة,تحت التنفيذ,230139859734,شركة أبحاث وتطوير الأعمال التجاري,2023-03-01,2023-03-28,12
تقديم خدمات لعوامل جباية زكاة الانعام لعام 1444 هـ,منافسة عامة,تحت التنفيذ,221239859422,مؤسسة ثروات المجد للمقاولات العامة,2023-01-19,2023-02-13,2
تقديم خدمات النقل الترددي من منفذ سلوى إلى محافظة الاحساء,منافسة عامة,تحت التنفيذ,221239859364,شركة النخلة الأهلية لخدمات النقل,2023-02-05,2023-03-09,12
مشروع تنفيذ بعض عمليات المراجعة للإدارة العامة للمراجعة المالية والإدارية,منافسة عامة,تحت التنفيذ,221239851827,شركه برايس وتر هاوس كوبرز للاستشارات المحدودة,2023-02-15,2023-03-26,12
توريد محروقات بالشرائح الالكترونية والبطاقات لمركبات هيئة الزكاة الضريبة الجمارك,منافسة عامة,تحت التنفيذ,230139865996,شركة الدريس للخدمات البترولية والنقليات الدريس,2023-02-09,2023-03-09,24
توريد وتركيب الأثاث المكتبي في منفذ الربع الخالي,منافسة عامة,الضمان النهائي,230339913078,شركة مجموعة العجو للتجارة,2023-05-08,,3
مشروع تنفيذ وتطوير التشغيل الروبوتي للعمليات,منافسة عامة,تحت التنفيذ,230139879963,شركة جيزة العربية للأنظمة,2023-04-10,2023-06-06,12
فعاليات وأنشطة للأمانة العامة للجان الزكوية والضريبية والجمركية,منافسة عامة,تحت التنفيذ,230139880960,شركة هوية العربية التجارية,2023-02-28,2023-05-01,12
تصميم نظام إدارة التخليص الجمركي,منافسة عامة,الضمان النهائي,230139880997,شركة ديلويت اند توش الشرق الاوسط المحدودة,2023-05-22,,8
تصميم نظام إدارة الإيرادات الضريبية,منافسة عامة,الضمان النهائي,230139880987,شركة ديلويت اند توش الشرق الاوسط المحدودة,2023-05-22,,8
مشروع توفير رخص تعلم الكترونية للغة الانجليزية,منافسة عامة,تحت التنفيذ,230139877438,شركة اي اف اديوكيشن فيرست المحدودة,2023-03-12,2023-05-04,12
نظافة وصيانة وتشغيل المباني الجمركية وملحقاتها بميناء جازان,منافسة عامة,الضمان النهائي,230239884077,شركة مور سيف للمقاولات,2023-05-08,,36
توريد وتركيب وتشغيل اجهزة معطرات الجو,منافسة عامة,تحت التنفيذ,230239885746,شركة حياة عطرية المحدودة,2023-03-12,2023-05-01,1
التأمين على بعض سيارات هيئة الزكاة والضريبة والجمارك,منافسة عامة,تحت التنفيذ,230239886242,شركة الراجحي للتامين التعاوني تكافل الراجحي,2023-03-12,2023-04-06,12
تطوير بيئة ضمان الجودة لمحرك المخاطر,منافسة عامة,تحت التنفيذ,230239891313,الشركة العربية لخدمات الانترنت والاتصالات,2023-03-13,2023-05-01,3
توريد وتأمين وتجهيز مركبات لنقل الوسائل الحية,منافسة عامة,تحت التنفيذ,230239890054,مصنع الجابرين للصناعات الحديدية والالمنيوم,2023-04-10,2023-05-11,4
تصميم وتنفيذ تحسينات على نظام إيراد (المرحلة الرابعة),منافسة عامة,توقيع العقد,230239889390,شركه انفينيو لحلول الاعمال,2023-04-05,,6
 الأعمال التحسينية العاجلة بمنفذ الخفجي,منافسة عامة,الضمان النهائي,230339906814,شركة رايسي للتجارة والمقاولات المحدودة,2023-05-07,,12
توريد شرائح بيانات واجهزة راوتر,منافسة عامة,تحت التنفيذ,230239898645,شركه الاتصالات السعودية,2023-03-19,2023-05-04,12
توريد أجهزة شبكات للمنافذ الجمركية,منافسة عامة,تحت التنفيذ,230239900330,شركة أسس الحماية الرقمية لتقنية المعلومات,2023-03-30,2023-05-01,2
أنشطة وفعاليات داخلية,منافسة عامة,تحت التنفيذ,230239899809,وكالة وقت العرض للدعاية والاعلان,2023-04-12,2023-05-11,12
المسح ميداني للأنظمة الأمنية للمدن,منافسة عامة,الضمان النهائي,230339924652,شركة تحريز الأمنية,2023-05-16,,12
توريد أجهزة وملحقات شبكة 1,منافسة عامة,الضمان النهائي,230439932257,شركه ام دي اس لأنظمه الحاسب الالي,2023-06-06,,9
تطوير الداتا سنتر في المنافذ البرية,منافسة عامة,الضمان النهائي,230239902211,شركة التقنية والخدمات المتطورة,2023-05-14,,18
توريد وتركيب وتشغيل اجهزة مانع انقطاع التيار الكهربائي في المنافذ البرية,منافسة عامة,الضمان النهائي,230239900320,شركة بيت الاجادة للتجارة والتقنية,2023-05-24,,36
توريد وتركيب طابعة وبطاقات ذكية للموظفين وملصقات للمركبات مع تقديم الدعم الفني,منافسة عامة,تحت التنفيذ,230239903128,شركة المعالم الدولية للتقنية المحدودة,2023-03-22,2023-05-01,12
تشغيل صالة الحجاج بالوديعة والربع الخالي,منافسة عامة,تحت التنفيذ,230239902295,شركة أرض التجهيزات للمقاولات,2023-03-22,2023-04-13,6
"مشروع تجديد التراخيص والدعم للأنظمة والبرامج (Veritas,Adobe,LogmeIn)",منافسة عامة,تحت التنفيذ,230239904745,فرع شركه دايمنشن داتا بي تي واي ليمتد - شركة درع السحابة للاتصالات,2023-04-03,2023-05-12,1
مشروع تجديد الدعم لنظام إيراد,منافسة عامة,الضمان النهائي,230239898936,شركه انفينيو لحلول الاعمال,2023-05-15,,12
توريد وتركيب مضخات التكييف وملحقاتها,منافسة عامة,تحت التنفيذ,230339905639,الشركة العربية للحماية والتدعيم,2023-04-03,2023-04-13,2
تأمين الحراسات الأمنية للمدن السكنية والإدارية بالمنافذ في عدة مواقع انحاء المملكة العربية السعودية,منافسة عامة,تحت التنفيذ,230239898511,الشركة العربية لخدمات الامن والسلامة امنكو,2023-05-07,2023-06-06,12
توضيب شواحن لمحطة توليد الرقعي,منافسة عامة,تحت التنفيذ,230339906299,شركه المركز الآلي السعودي لقطع الغيار المحدودة,2023-04-10,2023-05-29,6
مشروع توريد رخص إضافية لبرنامج Tableau,منافسة عامة,الضمان النهائي,230339906814,شركه اجاده للنظم المحدودة,2023-05-22,,12
مشروع تحسين إدارة بيانات الموظفين,منافسة عامة,تحت التنفيذ,230339910350,شركة اكسنتشر السعودية المحدودة,2023-04-13,2023-06-06,6
ترقية وحدة التخزين للبيئة الفعلية 2023,منافسة عامة,الضمان النهائي,230339915203,شركة النهل للحاسب الآلي,2023-06-01,,12
توريد شرائح بيانات,منافسة عامة,الضمان النهائي,230339915101,شركه الاتصالات السعودية,2023-05-04,,12
ترقية وحدة التخزين للبيئة الغير فعلية,منافسة عامة,الضمان النهائي,230339916443,شركة النهل للحاسب الآلي,2023-05-14,,12
توسعة وحدة التخزين (NAS Storage) في مراكز البيانات,منافسة عامة,الضمان النهائي,230339915194,شركة النهل للحاسب الآلي,2023-05-10,,12
عقد مناولة منافذ المنطقة الشمالية ( الحديثة – الدرة– حالة عمار - جديدة عرعر),منافسة عامة,الضمان النهائي,230339912371,مؤسسة ثروات المجد للمقاولات العامة,2023-06-01,,12
تجديد تراخيص أنظمة أمن المعلومات,منافسة عامة,الضمان النهائي,230339928872,شركة معالم الحلول لتقنية المعلومات - شركة أسس الحماية الرقمية لتقنية المعلومات - شركه العرض المتقن للخدمات التجارية,2023-06-05,,6
مشروع تحديث أجهزة الشبكة في مركز البيانات الرئيسي,منافسة عامة,الضمان النهائي,230339927573,شركة أسس الحماية الرقمية لتقنية المعلومات,2023-06-01,,24
مشروع إعادة تأمين دائرتي اتصال انترنت أساسية لمراكز بيانات الهيئة,منافسة عامة,الضمان النهائي,230339930371,الهدف من المشروع : مراقبة تنفيذ المشاريع عن طريق الكاميرات بإمكانية التقاط 360 درجة,2023-05-22,,12
تجديد الدعم الفني والرخص لتطبيق Terra data و CVM (Greeter),منافسة عامة,الضمان النهائي,230339921497,شركة الاعمال البارعة لتقنية المعلومات - فرع الشركة السعودية للحاسبات الإلكترونية المحدودة,2023-05-29,,24
توريد وتنفيذ خيمة الحجاج في منفذ الخفجي البري,منافسة عامة,الضمان النهائي,230439937433,مؤسسة ثروات المجد للمقاولات العامة,2023-05-15,,2
"توريد وتامين ""46"" وسيلة حية للمركز الوطني للوسائل الحية بهيئة الزكاة والضريبة والجمارك",منافسة عامة,الضمان النهائي,230439938823,مؤسسة قلعة الحيوان التجارية,2023-05-22,,8
توريد مياه صالحة للشرب لمنفذ الربع الخالي,منافسة عامة,الضمان النهائي,230439941764,مؤسسة ثروات المجد للمقاولات العامة,2023-05-29,,12
تجديد الاشتراك في منصة سبراوت سوشيال,منافسة عامة,الضمان النهائي,230539954024,مؤسسة التلال العصرية للاتصالات و تقنية المعلومات,2023-06-04,,12
